id,MachineID,RecipeCode,LineSpeedActual,LineSpeedSet,TimeStamp,DateCreated,ProcessedFlag
1325290,4RC_M1,PLYTEC,0,6,2026-04-06 18:34:50.040,2026-04-06 18:34:50.040,0
1325289,4RC_M1,PLYTEC,0,6,2026-04-06 18:34:40.027,2026-04-06 18:34:40.027,0
1325288,4RC_M1,PLYTEC,0,6,2026-04-06 18:34:30.027,2026-04-06 18:34:30.027,0
1325287,4RC_M1,PLYTEC,0,6,2026-04-06 18:34:20.033,2026-04-06 18:34:20.033,0
1325286,4RC_M1,PLYTEC,0,6,2026-04-06 18:34:10.033,2026-04-06 18:34:10.033,0
1325285,4RC_M1,PLYTEC,0,6,2026-04-06 18:34:00.037,2026-04-06 18:34:00.037,0
1325284,4RC_M1,PLYTEC,0,6,2026-04-06 18:33:50.017,2026-04-06 18:33:50.017,0
1325283,4RC_M1,PLYTEC,0,6,2026-04-06 18:33:40.017,2026-04-06 18:33:40.017,0
1325282,4RC_M1,PLYTEC,0,6,2026-04-06 18:33:30.013,2026-04-06 18:33:30.013,0
1325281,4RC_M1,PLYTEC,0,6,2026-04-06 18:33:20.010,2026-04-06 18:33:20.010,0
1325280,4RC_M1,BRTTL,0,15,2026-04-06 18:33:10.007,2026-04-06 18:33:10.007,0
1325279,4RC_M1,BRTTL,0,15,2026-04-06 18:33:00.050,2026-04-06 18:33:00.050,0
1325278,4RC_M1,BRTTL,0,15,2026-04-06 18:32:50.040,2026-04-06 18:32:50.040,0
1325277,4RC_M1,BRTTL,6.2,15,2026-04-06 18:32:40.033,2026-04-06 18:32:40.033,0
1325276,4RC_M1,BRTTL,15,15,2026-04-06 18:32:30.013,2026-04-06 18:32:30.013,0
1325275,4RC_M1,BRTTL,15,15,2026-04-06 18:32:20.047,2026-04-06 18:32:20.047,0
1325274,4RC_M1,BRTTL,15,15,2026-04-06 18:32:10.047,2026-04-06 18:32:10.047,0
1325273,4RC_M1,BRTTL,15,15,2026-04-06 18:32:00.037,2026-04-06 18:32:00.037,0
1325272,4RC_M1,BRTTL,6.4,15,2026-04-06 18:31:50.023,2026-04-06 18:31:50.023,0
1325271,4RC_M1,BRTTL,10.3,15,2026-04-06 18:31:40.007,2026-04-06 18:31:40.007,0
1325270,4RC_M1,BRTTL,15,15,2026-04-06 18:31:30.010,2026-04-06 18:31:30.010,0
1325269,4RC_M1,BRTTL,15,15,2026-04-06 18:31:20.050,2026-04-06 18:31:20.050,0
1325268,4RC_M1,BRTTL,15,15,2026-04-06 18:31:10.040,2026-04-06 18:31:10.040,0
1325267,4RC_M1,BRTTL,15,15,2026-04-06 18:31:00.027,2026-04-06 18:31:00.027,0
1325266,4RC_M1,BRTTL,15,15,2026-04-06 18:30:50.027,2026-04-06 18:30:50.027,0
1325265,4RC_M1,BRTTL,15,15,2026-04-06 18:30:40.007,2026-04-06 18:30:40.007,0
1325264,4RC_M1,BRTTL,15,15,2026-04-06 18:30:30.007,2026-04-06 18:30:30.007,0
1325263,4RC_M1,BRTTL,15,15,2026-04-06 18:30:20.003,2026-04-06 18:30:20.003,0
1325262,4RC_M1,BRTTL,15,15,2026-04-06 18:30:10.037,2026-04-06 18:30:10.037,0
1325261,4RC_M1,BRTTL,15,15,2026-04-06 18:30:00.017,2026-04-06 18:30:00.017,0
1325260,4RC_M1,BRTTL,22.6,15,2026-04-06 18:29:50.013,2026-04-06 18:29:50.013,0
1325259,4RC_M1,BRTTL,20.5,25,2026-04-06 18:29:40.007,2026-04-06 18:29:40.007,0
1325258,4RC_M1,BRTTL,18,18,2026-04-06 18:29:30.003,2026-04-06 18:29:30.003,0
1325257,4RC_M1,BRTTL,18,18,2026-04-06 18:29:20.003,2026-04-06 18:29:20.003,0
1325256,4RC_M1,BRTTL,18,18,2026-04-06 18:29:10.043,2026-04-06 18:29:10.043,0
1325255,4RC_M1,BRTTL,18,18,2026-04-06 18:29:00.030,2026-04-06 18:29:00.030,0
1325254,4RC_M1,BRTTL,18,18,2026-04-06 18:28:50.023,2026-04-06 18:28:50.023,0
1325253,4RC_M1,BRTTL,25,25,2026-04-06 18:28:40.013,2026-04-06 18:28:40.013,0
1325252,4RC_M1,BRTTL,18,18,2026-04-06 18:28:30.017,2026-04-06 18:28:30.017,0
1325251,4RC_M1,BRTTL,18,18,2026-04-06 18:28:20.003,2026-04-06 18:28:20.003,0
1325250,4RC_M1,BRTTL,18,18,2026-04-06 18:28:10.043,2026-04-06 18:28:10.043,0
1325249,4RC_M1,BRTTL,18,18,2026-04-06 18:28:00.033,2026-04-06 18:28:00.033,0
1325248,4RC_M1,BRTTL,22.5,18,2026-04-06 18:27:50.017,2026-04-06 18:27:50.017,0
1325247,4RC_M1,BRTTL,30,30,2026-04-06 18:27:40.050,2026-04-06 18:27:40.050,0
1325246,4RC_M1,BRTTL,30,30,2026-04-06 18:27:30.033,2026-04-06 18:27:30.033,0
1325245,4RC_M1,BRTTL,30,30,2026-04-06 18:27:20.017,2026-04-06 18:27:20.017,0
1325244,4RC_M1,BRTTL,30,30,2026-04-06 18:27:10.003,2026-04-06 18:27:10.003,0
1325243,4RC_M1,BRTTL,30,30,2026-04-06 18:27:00.050,2026-04-06 18:27:00.050,0
1325242,4RC_M1,BRTTL,25,25,2026-04-06 18:26:50.050,2026-04-06 18:26:50.050,0
1325241,4RC_M1,BRTTL,18,18,2026-04-06 18:26:40.003,2026-04-06 18:26:40.003,0
1325240,4RC_M1,BRTTL,18,18,2026-04-06 18:26:30.040,2026-04-06 18:26:30.040,0
1325239,4RC_M1,BRTTL,18,18,2026-04-06 18:26:20.020,2026-04-06 18:26:20.020,0
1325238,4RC_M1,BRTTL,15,15,2026-04-06 18:26:10.013,2026-04-06 18:26:10.013,0
1325237,4RC_M1,BRTTL,9,9,2026-04-06 18:26:00.010,2026-04-06 18:26:00.010,0
1325236,4RC_M1,BRTTL,9,9,2026-04-06 18:25:50.010,2026-04-06 18:25:50.010,0
1325235,4RC_M1,BRTTL,9,9,2026-04-06 18:25:40.003,2026-04-06 18:25:40.003,0
1325234,4RC_M1,BRTTL,9,9,2026-04-06 18:25:30.037,2026-04-06 18:25:30.037,0
1325233,4RC_M1,BRTTL,9,9,2026-04-06 18:25:20.027,2026-04-06 18:25:20.027,0
1325232,4RC_M1,BRTTL,9,9,2026-04-06 18:25:10.013,2026-04-06 18:25:10.013,0
1325231,4RC_M1,BRTTL,9,9,2026-04-06 18:25:00.047,2026-04-06 18:25:00.047,0
1325230,4RC_M1,BRTTL,9,9,2026-04-06 18:24:50.030,2026-04-06 18:24:50.030,0
1325229,4RC_M1,BRTTL,9,9,2026-04-06 18:24:40.023,2026-04-06 18:24:40.023,0
1325228,4RC_M1,BRTTL,9,9,2026-04-06 18:24:30.013,2026-04-06 18:24:30.013,0
1325227,4RC_M1,BRTTL,9,9,2026-04-06 18:24:20.003,2026-04-06 18:24:20.003,0
1325226,4RC_M1,BRTTL,9,9,2026-04-06 18:24:10.050,2026-04-06 18:24:10.050,0
1325225,4RC_M1,BRTTL,9,9,2026-04-06 18:24:00.037,2026-04-06 18:24:00.037,0
1325224,4RC_M1,BRTTL,9,9,2026-04-06 18:23:50.033,2026-04-06 18:23:50.033,0
1325223,4RC_M1,BRTTL,9,9,2026-04-06 18:23:40.027,2026-04-06 18:23:40.027,0
1325222,4RC_M1,BRTTL,9,9,2026-04-06 18:23:30.027,2026-04-06 18:23:30.027,0
1325221,4RC_M1,BRTTL,9,9,2026-04-06 18:23:20.020,2026-04-06 18:23:20.020,0
1325220,4RC_M1,BRTTL,9,9,2026-04-06 18:23:10.003,2026-04-06 18:23:10.003,0
1325219,4RC_M1,BRTTL,9,9,2026-04-06 18:23:00.037,2026-04-06 18:23:00.037,0
1325218,4RC_M1,BRTTL,9,9,2026-04-06 18:22:50.037,2026-04-06 18:22:50.037,0
1325217,4RC_M1,BRTTL,9,9,2026-04-06 18:22:40.030,2026-04-06 18:22:40.030,0
1325216,4RC_M1,BRTTL,9,9,2026-04-06 18:22:30.013,2026-04-06 18:22:30.013,0
1325215,4RC_M1,BRTTL,9,9,2026-04-06 18:22:20.000,2026-04-06 18:22:20.000,0
1325214,4RC_M1,BRTTL,9,9,2026-04-06 18:22:10.043,2026-04-06 18:22:10.043,0
1325213,4RC_M1,BRTTL,9,9,2026-04-06 18:22:00.020,2026-04-06 18:22:00.020,0
1325212,4RC_M1,BRTTL,9,9,2026-04-06 18:21:50.010,2026-04-06 18:21:50.010,0
1325211,4RC_M1,BRTTL,9,9,2026-04-06 18:21:40.047,2026-04-06 18:21:40.047,0
1325210,4RC_M1,BRTTL,9,9,2026-04-06 18:21:30.040,2026-04-06 18:21:30.040,0
1325209,4RC_M1,BRTTL,9,9,2026-04-06 18:21:20.030,2026-04-06 18:21:20.030,0
1325208,4RC_M1,BRTTL,9,9,2026-04-06 18:21:10.017,2026-04-06 18:21:10.017,0
1325207,4RC_M1,BRTTL,9,9,2026-04-06 18:21:00.047,2026-04-06 18:21:00.047,0
1325206,4RC_M1,BRTTL,9,9,2026-04-06 18:20:50.040,2026-04-06 18:20:50.040,0
1325205,4RC_M1,BRTTL,9,9,2026-04-06 18:20:40.020,2026-04-06 18:20:40.020,0
1325204,4RC_M1,BRTTL,9,9,2026-04-06 18:20:30.007,2026-04-06 18:20:30.007,0
1325203,4RC_M1,BRTTL,9,9,2026-04-06 18:20:20.050,2026-04-06 18:20:20.050,0
1325202,4RC_M1,BRTTL,9,9,2026-04-06 18:20:10.010,2026-04-06 18:20:10.010,0
1325201,4RC_M1,BRTTL,9,9,2026-04-06 18:20:00.010,2026-04-06 18:20:00.010,0
1325200,4RC_M1,BRTTL,12,12,2026-04-06 18:19:50.007,2026-04-06 18:19:50.007,0
1325199,4RC_M1,BRTTL,12,12,2026-04-06 18:19:40.043,2026-04-06 18:19:40.043,0
1325198,4RC_M1,BRTTL,15,15,2026-04-06 18:19:30.043,2026-04-06 18:19:30.043,0
1325197,4RC_M1,BRTTL,15,15,2026-04-06 18:19:20.033,2026-04-06 18:19:20.033,0
1325196,4RC_M1,BRTTL,15,15,2026-04-06 18:19:10.010,2026-04-06 18:19:10.010,0
1325195,4RC_M1,BRTTL,15,15,2026-04-06 18:19:00.007,2026-04-06 18:19:00.007,0
1325194,4RC_M1,BRTTL,15,15,2026-04-06 18:18:50.043,2026-04-06 18:18:50.043,0
1325193,4RC_M1,BRTTL,15,15,2026-04-06 18:18:40.033,2026-04-06 18:18:40.033,0
1325192,4RC_M1,BRTTL,15,15,2026-04-06 18:18:30.023,2026-04-06 18:18:30.023,0
1325191,4RC_M1,BRTTL,15,15,2026-04-06 18:18:20.013,2026-04-06 18:18:20.013,0
1325190,4RC_M1,BRTTL,15,15,2026-04-06 18:18:10.010,2026-04-06 18:18:10.010,0
1325189,4RC_M1,BRTTL,15,15,2026-04-06 18:18:00.047,2026-04-06 18:18:00.047,0
1325188,4RC_M1,BRTTL,15,15,2026-04-06 18:17:50.033,2026-04-06 18:17:50.033,0
1325187,4RC_M1,BRTTL,15,15,2026-04-06 18:17:40.020,2026-04-06 18:17:40.020,0
1325186,4RC_M1,BRTTL,15,15,2026-04-06 18:17:30.017,2026-04-06 18:17:30.017,0
1325185,4RC_M1,BRTTL,15,15,2026-04-06 18:17:20.007,2026-04-06 18:17:20.007,0
1325184,4RC_M1,BRTTL,15,15,2026-04-06 18:17:10.050,2026-04-06 18:17:10.050,0
1325183,4RC_M1,BRTTL,15,15,2026-04-06 18:17:00.033,2026-04-06 18:17:00.033,0
1325182,4RC_M1,BRTTL,15,15,2026-04-06 18:16:50.023,2026-04-06 18:16:50.023,0
1325181,4RC_M1,BRTTL,15,15,2026-04-06 18:16:40.003,2026-04-06 18:16:40.003,0
1325180,4RC_M1,BRTTL,15,15,2026-04-06 18:16:30.043,2026-04-06 18:16:30.043,0
1325179,4RC_M1,BRTTL,15,15,2026-04-06 18:16:20.033,2026-04-06 18:16:20.033,0
1325178,4RC_M1,BRTTL,15,15,2026-04-06 18:16:10.020,2026-04-06 18:16:10.020,0
1325177,4RC_M1,BRTTL,15,15,2026-04-06 18:16:00.013,2026-04-06 18:16:00.013,0
1325176,4RC_M1,BRTTL,15,15,2026-04-06 18:15:50.007,2026-04-06 18:15:50.007,0
1325175,4RC_M1,BRTTL,15,15,2026-04-06 18:15:40.033,2026-04-06 18:15:40.033,0
1325174,4RC_M1,BRTTL,15,15,2026-04-06 18:15:30.020,2026-04-06 18:15:30.020,0
1325173,4RC_M1,BRTTL,21.2,15,2026-04-06 18:15:20.003,2026-04-06 18:15:20.003,0
1325172,4RC_M1,BRTTL,33.2,15,2026-04-06 18:15:10.043,2026-04-06 18:15:10.043,0
1325171,4RC_M1,BRTTL,40,40,2026-04-06 18:15:00.047,2026-04-06 18:15:00.047,0
1325170,4RC_M1,BRTTL,40,40,2026-04-06 18:14:50.040,2026-04-06 18:14:50.040,0
1325169,4RC_M1,BRTTL,40,40,2026-04-06 18:14:40.040,2026-04-06 18:14:40.040,0
1325168,4RC_M1,BRTTL,40,40,2026-04-06 18:14:30.040,2026-04-06 18:14:30.040,0
1325167,4RC_M1,BRTTL,40,40,2026-04-06 18:14:20.013,2026-04-06 18:14:20.013,0
1325166,4RC_M1,BRTTL,40,40,2026-04-06 18:14:10.003,2026-04-06 18:14:10.003,0
1325165,4RC_M1,BRTTL,40,40,2026-04-06 18:14:00.050,2026-04-06 18:14:00.050,0
1325164,4RC_M1,BRTTL,40,40,2026-04-06 18:13:50.037,2026-04-06 18:13:50.037,0
1325163,4RC_M1,BRTTL,40,40,2026-04-06 18:13:40.027,2026-04-06 18:13:40.027,0
1325162,4RC_M1,BRTTL,40,40,2026-04-06 18:13:30.010,2026-04-06 18:13:30.010,0
1325161,4RC_M1,BRTTL,40,40,2026-04-06 18:13:20.017,2026-04-06 18:13:20.017,0
1325160,4RC_M1,BRTTL,40,40,2026-04-06 18:13:10.020,2026-04-06 18:13:10.020,0
1325159,4RC_M1,BRTTL,40,40,2026-04-06 18:13:00.013,2026-04-06 18:13:00.013,0
1325158,4RC_M1,BRTTL,40,40,2026-04-06 18:12:50.050,2026-04-06 18:12:50.050,0
1325157,4RC_M1,BRTTL,40,40,2026-04-06 18:12:40.040,2026-04-06 18:12:40.040,0
1325156,4RC_M1,BRTTL,40,40,2026-04-06 18:12:30.037,2026-04-06 18:12:30.037,0
1325155,4RC_M1,BRTTL,40,40,2026-04-06 18:12:20.020,2026-04-06 18:12:20.020,0
1325154,4RC_M1,BRTTL,40,40,2026-04-06 18:12:10.010,2026-04-06 18:12:10.010,0
1325153,4RC_M1,BRTTL,40,40,2026-04-06 18:12:00.047,2026-04-06 18:12:00.047,0
1325152,4RC_M1,BRTTL,40,40,2026-04-06 18:11:50.037,2026-04-06 18:11:50.037,0
1325151,4RC_M1,BRTTL,40,40,2026-04-06 18:11:40.027,2026-04-06 18:11:40.027,0
1325150,4RC_M1,BRTTL,40,40,2026-04-06 18:11:30.040,2026-04-06 18:11:30.040,0
1325149,4RC_M1,BRTTL,40,40,2026-04-06 18:11:20.033,2026-04-06 18:11:20.033,0
1325148,4RC_M1,BRTTL,40,40,2026-04-06 18:11:10.020,2026-04-06 18:11:10.020,0
1325147,4RC_M1,BRTTL,40,40,2026-04-06 18:11:00.010,2026-04-06 18:11:00.010,0
1325146,4RC_M1,BRTTL,40,40,2026-04-06 18:10:50.007,2026-04-06 18:10:50.007,0
1325145,4RC_M1,BRTTL,40,40,2026-04-06 18:10:40.000,2026-04-06 18:10:40.000,0
1325144,4RC_M1,BRTTL,40,40,2026-04-06 18:10:30.047,2026-04-06 18:10:30.047,0
1325143,4RC_M1,BRTTL,40,40,2026-04-06 18:10:20.033,2026-04-06 18:10:20.033,0
1325142,4RC_M1,BRTTL,40,40,2026-04-06 18:10:10.023,2026-04-06 18:10:10.023,0
1325141,4RC_M1,BRTTL,40,40,2026-04-06 18:10:00.007,2026-04-06 18:10:00.007,0
1325140,4RC_M1,BRTTL,40,40,2026-04-06 18:09:50.003,2026-04-06 18:09:50.003,0
1325139,4RC_M1,BRTTL,40,40,2026-04-06 18:09:40.033,2026-04-06 18:09:40.033,0
1325138,4RC_M1,BRTTL,40,40,2026-04-06 18:09:30.027,2026-04-06 18:09:30.027,0
1325137,4RC_M1,BRTTL,40,40,2026-04-06 18:09:20.027,2026-04-06 18:09:20.027,0
1325136,4RC_M1,BRTTL,40,40,2026-04-06 18:09:10.023,2026-04-06 18:09:10.023,0
1325135,4RC_M1,BRTTL,40,40,2026-04-06 18:09:00.010,2026-04-06 18:09:00.010,0
1325134,4RC_M1,BRTTL,40,40,2026-04-06 18:08:50.017,2026-04-06 18:08:50.017,0
1325133,4RC_M1,BRTTL,40,40,2026-04-06 18:08:40.013,2026-04-06 18:08:40.013,0
1325132,4RC_M1,BRTTL,40,40,2026-04-06 18:08:30.047,2026-04-06 18:08:30.047,0
1325131,4RC_M1,BRTTL,40,40,2026-04-06 18:08:20.043,2026-04-06 18:08:20.043,0
1325130,4RC_M1,BRTTL,40,40,2026-04-06 18:08:10.033,2026-04-06 18:08:10.033,0
1325129,4RC_M1,BRTTL,40,40,2026-04-06 18:08:00.017,2026-04-06 18:08:00.017,0
1325128,4RC_M1,BRTTL,40,40,2026-04-06 18:07:50.003,2026-04-06 18:07:50.003,0
1325127,4RC_M1,BRTTL,40,40,2026-04-06 18:07:40.043,2026-04-06 18:07:40.043,0
1325126,4RC_M1,BRTTL,40,40,2026-04-06 18:07:30.027,2026-04-06 18:07:30.027,0
1325125,4RC_M1,BRTTL,40,40,2026-04-06 18:07:20.013,2026-04-06 18:07:20.013,0
1325124,4RC_M1,BRTTL,40,40,2026-04-06 18:07:10.010,2026-04-06 18:07:10.010,0
1325123,4RC_M1,BRTTL,40,40,2026-04-06 18:07:00.050,2026-04-06 18:07:00.050,0
1325122,4RC_M1,BRTTL,40,40,2026-04-06 18:06:50.050,2026-04-06 18:06:50.050,0
1325121,4RC_M1,BRTTL,40,40,2026-04-06 18:06:40.040,2026-04-06 18:06:40.040,0
1325120,4RC_M1,BRTTL,40,40,2026-04-06 18:06:30.033,2026-04-06 18:06:30.033,0
1325119,4RC_M1,BRTTL,40,40,2026-04-06 18:06:20.007,2026-04-06 18:06:20.007,0
1325118,4RC_M1,BRTTL,40,40,2026-04-06 18:06:10.007,2026-04-06 18:06:10.007,0
1325117,4RC_M1,BRTTL,40,40,2026-04-06 18:06:00.050,2026-04-06 18:06:00.050,0
1325116,4RC_M1,BRTTL,40,40,2026-04-06 18:05:50.047,2026-04-06 18:05:50.047,0
1325115,4RC_M1,BRTTL,40,40,2026-04-06 18:05:40.047,2026-04-06 18:05:40.047,0
1325114,4RC_M1,BRTTL,40,40,2026-04-06 18:05:30.027,2026-04-06 18:05:30.027,0
1325113,4RC_M1,BRTTL,40,40,2026-04-06 18:05:20.017,2026-04-06 18:05:20.017,0
1325112,4RC_M1,BRTTL,40,40,2026-04-06 18:05:10.003,2026-04-06 18:05:10.003,0
1325111,4RC_M1,BRTTL,40,40,2026-04-06 18:05:00.043,2026-04-06 18:05:00.043,0
1325110,4RC_M1,BRTTL,40,40,2026-04-06 18:04:50.027,2026-04-06 18:04:50.027,0
1325109,4RC_M1,BRTTL,40,40,2026-04-06 18:04:40.023,2026-04-06 18:04:40.023,0
1325108,4RC_M1,BRTTL,40,40,2026-04-06 18:04:30.010,2026-04-06 18:04:30.010,0
1325107,4RC_M1,BRTTL,40,40,2026-04-06 18:04:20.047,2026-04-06 18:04:20.047,0
1325106,4RC_M1,BRTTL,40,40,2026-04-06 18:04:10.023,2026-04-06 18:04:10.023,0
1325105,4RC_M1,BRTTL,40,40,2026-04-06 18:04:00.010,2026-04-06 18:04:00.010,0
1325104,4RC_M1,BRTTL,40,40,2026-04-06 18:03:50.007,2026-04-06 18:03:50.007,0
1325103,4RC_M1,BRTTL,40,40,2026-04-06 18:03:40.050,2026-04-06 18:03:40.050,0
1325102,4RC_M1,BRTTL,40,40,2026-04-06 18:03:30.033,2026-04-06 18:03:30.033,0
1325101,4RC_M1,BRTTL,40,40,2026-04-06 18:03:20.013,2026-04-06 18:03:20.013,0
1325100,4RC_M1,BRTTL,40,40,2026-04-06 18:03:10.003,2026-04-06 18:03:10.003,0
1325099,4RC_M1,BRTTL,40,40,2026-04-06 18:03:00.027,2026-04-06 18:03:00.027,0
1325098,4RC_M1,BRTTL,40,40,2026-04-06 18:02:50.020,2026-04-06 18:02:50.020,0
1325097,4RC_M1,BRTTL,40,40,2026-04-06 18:02:40.013,2026-04-06 18:02:40.013,0
1325096,4RC_M1,BRTTL,40,40,2026-04-06 18:02:30.010,2026-04-06 18:02:30.010,0
1325095,4RC_M1,BRTTL,40,40,2026-04-06 18:02:20.050,2026-04-06 18:02:20.050,0
1325094,4RC_M1,BRTTL,40,40,2026-04-06 18:02:10.047,2026-04-06 18:02:10.047,0
1325093,4RC_M1,BRTTL,40,40,2026-04-06 18:02:00.020,2026-04-06 18:02:00.020,0
1325092,4RC_M1,BRTTL,40,40,2026-04-06 18:01:50.010,2026-04-06 18:01:50.010,0
1325091,4RC_M1,BRTTL,40,40,2026-04-06 18:01:40.003,2026-04-06 18:01:40.003,0
1325090,4RC_M1,BRTTL,40,40,2026-04-06 18:01:30.040,2026-04-06 18:01:30.040,0
1325089,4RC_M1,BRTTL,40,40,2026-04-06 18:01:20.033,2026-04-06 18:01:20.033,0
1325088,4RC_M1,BRTTL,40,40,2026-04-06 18:01:10.030,2026-04-06 18:01:10.030,0
1325087,4RC_M1,BRTTL,40,40,2026-04-06 18:01:00.027,2026-04-06 18:01:00.027,0
1325086,4RC_M1,BRTTL,40,40,2026-04-06 18:00:50.013,2026-04-06 18:00:50.013,0
1325085,4RC_M1,BRTTL,40,40,2026-04-06 18:00:40.013,2026-04-06 18:00:40.013,0
1325084,4RC_M1,BRTTL,40,40,2026-04-06 18:00:30.003,2026-04-06 18:00:30.003,0
1325083,4RC_M1,BRTTL,40,40,2026-04-06 18:00:20.040,2026-04-06 18:00:20.040,0
1325082,4RC_M1,BRTTL,40,40,2026-04-06 18:00:10.027,2026-04-06 18:00:10.027,0
1325081,4RC_M1,BRTTL,40,40,2026-04-06 18:00:00.017,2026-04-06 18:00:00.017,0
1325080,4RC_M1,BRTTL,40,40,2026-04-06 17:59:50.010,2026-04-06 17:59:50.010,0
1325079,4RC_M1,BRTTL,40,40,2026-04-06 17:59:40.043,2026-04-06 17:59:40.043,0
1325078,4RC_M1,BRTTL,40,40,2026-04-06 17:59:30.047,2026-04-06 17:59:30.047,0
1325077,4RC_M1,BRTTL,40,40,2026-04-06 17:59:20.027,2026-04-06 17:59:20.027,0
1325076,4RC_M1,BRTTL,40,40,2026-04-06 17:59:10.013,2026-04-06 17:59:10.013,0
1325075,4RC_M1,BRTTL,40,40,2026-04-06 17:59:00.013,2026-04-06 17:59:00.013,0
1325074,4RC_M1,BRTTL,40,40,2026-04-06 17:58:50.003,2026-04-06 17:58:50.003,0
1325073,4RC_M1,BRTTL,40,40,2026-04-06 17:58:40.037,2026-04-06 17:58:40.037,0
1325072,4RC_M1,BRTTL,40,40,2026-04-06 17:58:30.033,2026-04-06 17:58:30.033,0
1325071,4RC_M1,BRTTL,40,40,2026-04-06 17:58:20.027,2026-04-06 17:58:20.027,0
1325070,4RC_M1,BRTTL,40,40,2026-04-06 17:58:10.017,2026-04-06 17:58:10.017,0
1325069,4RC_M1,BRTTL,40,40,2026-04-06 17:58:00.043,2026-04-06 17:58:00.043,0
1325068,4RC_M1,BRTTL,40,40,2026-04-06 17:57:50.040,2026-04-06 17:57:50.040,0
1325067,4RC_M1,BRTTL,40,40,2026-04-06 17:57:40.030,2026-04-06 17:57:40.030,0
1325066,4RC_M1,BRTTL,40,40,2026-04-06 17:57:30.030,2026-04-06 17:57:30.030,0
1325065,4RC_M1,BRTTL,40,40,2026-04-06 17:57:20.030,2026-04-06 17:57:20.030,0
1325064,4RC_M1,BRTTL,40,40,2026-04-06 17:57:10.027,2026-04-06 17:57:10.027,0
1325063,4RC_M1,BRTTL,40,40,2026-04-06 17:57:00.003,2026-04-06 17:57:00.003,0
1325062,4RC_M1,BRTTL,40,40,2026-04-06 17:56:50.047,2026-04-06 17:56:50.047,0
1325061,4RC_M1,BRTTL,40,40,2026-04-06 17:56:40.037,2026-04-06 17:56:40.037,0
1325060,4RC_M1,BRTTL,40,40,2026-04-06 17:56:30.027,2026-04-06 17:56:30.027,0
1325059,4RC_M1,BRTTL,40,40,2026-04-06 17:56:20.017,2026-04-06 17:56:20.017,0
1325058,4RC_M1,BRTTL,40,40,2026-04-06 17:56:10.003,2026-04-06 17:56:10.003,0
1325057,4RC_M1,BRTTL,40,40,2026-04-06 17:56:00.047,2026-04-06 17:56:00.047,0
1325056,4RC_M1,BRTTL,40,40,2026-04-06 17:55:50.033,2026-04-06 17:55:50.033,0
1325055,4RC_M1,BRTTL,40,40,2026-04-06 17:55:40.010,2026-04-06 17:55:40.010,0
1325054,4RC_M1,BRTTL,40,40,2026-04-06 17:55:30.007,2026-04-06 17:55:30.007,0
1325053,4RC_M1,BRTTL,40,40,2026-04-06 17:55:20.050,2026-04-06 17:55:20.050,0
1325052,4RC_M1,BRTTL,40,40,2026-04-06 17:55:10.043,2026-04-06 17:55:10.043,0
1325051,4RC_M1,BRTTL,40,40,2026-04-06 17:55:00.043,2026-04-06 17:55:00.043,0
1325050,4RC_M1,BRTTL,40,40,2026-04-06 17:54:50.027,2026-04-06 17:54:50.027,0
1325049,4RC_M1,BRTTL,40,40,2026-04-06 17:54:40.023,2026-04-06 17:54:40.023,0
1325048,4RC_M1,BRTTL,40,40,2026-04-06 17:54:30.003,2026-04-06 17:54:30.003,0
1325047,4RC_M1,BRTTL,40,40,2026-04-06 17:54:20.043,2026-04-06 17:54:20.043,0
1325046,4RC_M1,BRTTL,40,40,2026-04-06 17:54:10.040,2026-04-06 17:54:10.040,0
1325045,4RC_M1,BRTTL,40,40,2026-04-06 17:54:00.030,2026-04-06 17:54:00.030,0
1325044,4RC_M1,BRTTL,40,40,2026-04-06 17:53:50.020,2026-04-06 17:53:50.020,0
1325043,4RC_M1,BRTTL,40,40,2026-04-06 17:53:40.020,2026-04-06 17:53:40.020,0
1325042,4RC_M1,BRTTL,40,40,2026-04-06 17:53:30.040,2026-04-06 17:53:30.040,0
1325041,4RC_M1,BRTTL,40,40,2026-04-06 17:53:20.033,2026-04-06 17:53:20.033,0
1325040,4RC_M1,BRTTL,40,40,2026-04-06 17:53:10.020,2026-04-06 17:53:10.020,0
1325039,4RC_M1,BRTTL,40,40,2026-04-06 17:53:00.010,2026-04-06 17:53:00.010,0
1325038,4RC_M1,BRTTL,40,40,2026-04-06 17:52:50.047,2026-04-06 17:52:50.047,0
1325037,4RC_M1,BRTTL,40,40,2026-04-06 17:52:40.047,2026-04-06 17:52:40.047,0
1325036,4RC_M1,BRTTL,40,40,2026-04-06 17:52:30.030,2026-04-06 17:52:30.030,0
1325035,4RC_M1,BRTTL,40,40,2026-04-06 17:52:20.020,2026-04-06 17:52:20.020,0
1325034,4RC_M1,BRTTL,40,40,2026-04-06 17:52:10.020,2026-04-06 17:52:10.020,0
1325033,4RC_M1,BRTTL,40,40,2026-04-06 17:52:00.000,2026-04-06 17:52:00.000,0
1325032,4RC_M1,BRTTL,40,40,2026-04-06 17:51:50.030,2026-04-06 17:51:50.030,0
1325031,4RC_M1,BRTTL,40,40,2026-04-06 17:51:40.020,2026-04-06 17:51:40.020,0
1325030,4RC_M1,BRTTL,40,40,2026-04-06 17:51:30.050,2026-04-06 17:51:30.050,0
1325029,4RC_M1,BRTTL,40,40,2026-04-06 17:51:20.037,2026-04-06 17:51:20.037,0
1325028,4RC_M1,BRTTL,40,40,2026-04-06 17:51:10.013,2026-04-06 17:51:10.013,0
1325027,4RC_M1,BRTTL,40,40,2026-04-06 17:51:00.050,2026-04-06 17:51:00.050,0
1325026,4RC_M1,BRTTL,40,40,2026-04-06 17:50:50.040,2026-04-06 17:50:50.040,0
1325025,4RC_M1,BRTTL,40,40,2026-04-06 17:50:40.033,2026-04-06 17:50:40.033,0
1325024,4RC_M1,BRTTL,40,40,2026-04-06 17:50:30.033,2026-04-06 17:50:30.033,0
1325023,4RC_M1,BRTTL,40,40,2026-04-06 17:50:20.020,2026-04-06 17:50:20.020,0
1325022,4RC_M1,BRTTL,40,40,2026-04-06 17:50:10.040,2026-04-06 17:50:10.040,0
1325021,4RC_M1,BRTTL,40,40,2026-04-06 17:50:00.033,2026-04-06 17:50:00.033,0
1325020,4RC_M1,BRTTL,40,40,2026-04-06 17:49:50.030,2026-04-06 17:49:50.030,0
1325019,4RC_M1,BRTTL,40,40,2026-04-06 17:49:40.037,2026-04-06 17:49:40.037,0
1325018,4RC_M1,BRTTL,40,40,2026-04-06 17:49:30.023,2026-04-06 17:49:30.023,0
1325017,4RC_M1,BRTTL,40,40,2026-04-06 17:49:20.047,2026-04-06 17:49:20.047,0
1325016,4RC_M1,BRTTL,40,40,2026-04-06 17:49:10.037,2026-04-06 17:49:10.037,0
1325015,4RC_M1,BRTTL,40,40,2026-04-06 17:49:00.020,2026-04-06 17:49:00.020,0
1325014,4RC_M1,BRTTL,40,40,2026-04-06 17:48:50.017,2026-04-06 17:48:50.017,0
1325013,4RC_M1,BRTTL,40,40,2026-04-06 17:48:40.020,2026-04-06 17:48:40.020,0
1325012,4RC_M1,BRTTL,40,40,2026-04-06 17:48:30.003,2026-04-06 17:48:30.003,0
1325011,4RC_M1,BRTTL,40,40,2026-04-06 17:48:20.040,2026-04-06 17:48:20.040,0
1325010,4RC_M1,BRTTL,40,40,2026-04-06 17:48:10.030,2026-04-06 17:48:10.030,0
1325009,4RC_M1,BRTTL,40,40,2026-04-06 17:48:00.023,2026-04-06 17:48:00.023,0
1325008,4RC_M1,BRTTL,40,40,2026-04-06 17:47:50.023,2026-04-06 17:47:50.023,0
1325007,4RC_M1,BRTTL,40,40,2026-04-06 17:47:40.020,2026-04-06 17:47:40.020,0
1325006,4RC_M1,BRTTL,40,40,2026-04-06 17:47:30.020,2026-04-06 17:47:30.020,0
1325005,4RC_M1,BRTTL,40,40,2026-04-06 17:47:20.010,2026-04-06 17:47:20.010,0
1325004,4RC_M1,BRTTL,40,40,2026-04-06 17:47:10.000,2026-04-06 17:47:10.000,0
1325003,4RC_M1,BRTTL,40,40,2026-04-06 17:47:00.033,2026-04-06 17:47:00.033,0
1325002,4RC_M1,BRTTL,40,40,2026-04-06 17:46:50.030,2026-04-06 17:46:50.030,0
1325001,4RC_M1,BRTTL,40,40,2026-04-06 17:46:40.027,2026-04-06 17:46:40.027,0
1325000,4RC_M1,BRTTL,40,40,2026-04-06 17:46:30.020,2026-04-06 17:46:30.020,0
1324999,4RC_M1,BRTTL,40,40,2026-04-06 17:46:20.013,2026-04-06 17:46:20.013,0
1324998,4RC_M1,BRTTL,40,40,2026-04-06 17:46:10.050,2026-04-06 17:46:10.050,0
1324997,4RC_M1,BRTTL,40,40,2026-04-06 17:46:00.033,2026-04-06 17:46:00.033,0
1324996,4RC_M1,BRTTL,40,40,2026-04-06 17:45:50.017,2026-04-06 17:45:50.017,0
1324995,4RC_M1,BRTTL,40,40,2026-04-06 17:45:40.007,2026-04-06 17:45:40.007,0
1324994,4RC_M1,BRTTL,40,40,2026-04-06 17:45:30.047,2026-04-06 17:45:30.047,0
1324993,4RC_M1,BRTTL,40,40,2026-04-06 17:45:20.033,2026-04-06 17:45:20.033,0
1324992,4RC_M1,BRTTL,40,40,2026-04-06 17:45:10.010,2026-04-06 17:45:10.010,0
1324991,4RC_M1,BRTTL,40,40,2026-04-06 17:45:00.000,2026-04-06 17:45:00.000,0
1324990,4RC_M1,BRTTL,40,40,2026-04-06 17:44:50.047,2026-04-06 17:44:50.047,0
1324989,4RC_M1,BRTTL,40,40,2026-04-06 17:44:40.033,2026-04-06 17:44:40.033,0
1324988,4RC_M1,BRTTL,40,40,2026-04-06 17:44:30.033,2026-04-06 17:44:30.033,0
1324987,4RC_M1,BRTTL,40,40,2026-04-06 17:44:20.027,2026-04-06 17:44:20.027,0
1324986,4RC_M1,BRTTL,40,40,2026-04-06 17:44:10.003,2026-04-06 17:44:10.003,0
1324985,4RC_M1,BRTTL,40,40,2026-04-06 17:44:00.047,2026-04-06 17:44:00.047,0
1324984,4RC_M1,BRTTL,40,40,2026-04-06 17:43:50.037,2026-04-06 17:43:50.037,0
1324983,4RC_M1,BRTTL,40,40,2026-04-06 17:43:40.037,2026-04-06 17:43:40.037,0
1324982,4RC_M1,BRTTL,40,40,2026-04-06 17:43:30.030,2026-04-06 17:43:30.030,0
1324981,4RC_M1,BRTTL,40,40,2026-04-06 17:43:20.017,2026-04-06 17:43:20.017,0
1324980,4RC_M1,BRTTL,40,40,2026-04-06 17:43:10.007,2026-04-06 17:43:10.007,0
1324979,4RC_M1,BRTTL,40,40,2026-04-06 17:43:00.050,2026-04-06 17:43:00.050,0
1324978,4RC_M1,BRTTL,40,40,2026-04-06 17:42:50.050,2026-04-06 17:42:50.050,0
1324977,4RC_M1,BRTTL,40,40,2026-04-06 17:42:40.040,2026-04-06 17:42:40.040,0
1324976,4RC_M1,BRTTL,40,40,2026-04-06 17:42:30.037,2026-04-06 17:42:30.037,0
1324975,4RC_M1,BRTTL,40,40,2026-04-06 17:42:20.033,2026-04-06 17:42:20.033,0
1324974,4RC_M1,BRTTL,40,40,2026-04-06 17:42:10.020,2026-04-06 17:42:10.020,0
1324973,4RC_M1,BRTTL,40,40,2026-04-06 17:42:00.000,2026-04-06 17:42:00.000,0
1324972,4RC_M1,BRTTL,40,40,2026-04-06 17:41:50.043,2026-04-06 17:41:50.043,0
1324971,4RC_M1,BRTTL,40,40,2026-04-06 17:41:40.033,2026-04-06 17:41:40.033,0
1324970,4RC_M1,BRTTL,40,40,2026-04-06 17:41:30.020,2026-04-06 17:41:30.020,0
1324969,4RC_M1,BRTTL,40,40,2026-04-06 17:41:20.007,2026-04-06 17:41:20.007,0
1324968,4RC_M1,BRTTL,40,40,2026-04-06 17:41:10.050,2026-04-06 17:41:10.050,0
1324967,4RC_M1,BRTTL,40,40,2026-04-06 17:41:00.050,2026-04-06 17:41:00.050,0
1324966,4RC_M1,BRTTL,40,40,2026-04-06 17:40:50.040,2026-04-06 17:40:50.040,0
1324965,4RC_M1,BRTTL,40,40,2026-04-06 17:40:40.027,2026-04-06 17:40:40.027,0
1324964,4RC_M1,BRTTL,40,40,2026-04-06 17:40:30.007,2026-04-06 17:40:30.007,0
1324963,4RC_M1,BRTTL,40,40,2026-04-06 17:40:20.037,2026-04-06 17:40:20.037,0
1324962,4RC_M1,BRTTL,40,40,2026-04-06 17:40:10.027,2026-04-06 17:40:10.027,0
1324961,4RC_M1,BRTTL,40,40,2026-04-06 17:40:00.023,2026-04-06 17:40:00.023,0
1324960,4RC_M1,BRTTL,40,40,2026-04-06 17:39:50.013,2026-04-06 17:39:50.013,0
1324959,4RC_M1,BRTTL,40,40,2026-04-06 17:39:40.013,2026-04-06 17:39:40.013,0
1324958,4RC_M1,BRTTL,40,40,2026-04-06 17:39:30.000,2026-04-06 17:39:30.000,0
1324957,4RC_M1,BRTTL,40,40,2026-04-06 17:39:20.053,2026-04-06 17:39:20.053,0
1324956,4RC_M1,BRTTL,40,40,2026-04-06 17:39:10.003,2026-04-06 17:39:10.003,0
1324955,4RC_M1,BRTTL,40,40,2026-04-06 17:39:00.040,2026-04-06 17:39:00.040,0
1324954,4RC_M1,BRTTL,40,40,2026-04-06 17:38:50.023,2026-04-06 17:38:50.023,0
1324953,4RC_M1,BRTTL,40,40,2026-04-06 17:38:40.010,2026-04-06 17:38:40.010,0
1324952,4RC_M1,BRTTL,40,40,2026-04-06 17:38:30.043,2026-04-06 17:38:30.043,0
1324951,4RC_M1,BRTTL,40,40,2026-04-06 17:38:20.030,2026-04-06 17:38:20.030,0
1324950,4RC_M1,BRTTL,40,40,2026-04-06 17:38:10.020,2026-04-06 17:38:10.020,0
1324949,4RC_M1,BRTTL,40,40,2026-04-06 17:38:00.013,2026-04-06 17:38:00.013,0
1324948,4RC_M1,BRTTL,40,40,2026-04-06 17:37:50.010,2026-04-06 17:37:50.010,0
1324947,4RC_M1,BRTTL,40,40,2026-04-06 17:37:40.007,2026-04-06 17:37:40.007,0
1324946,4RC_M1,BRTTL,40,40,2026-04-06 17:37:30.043,2026-04-06 17:37:30.043,0
1324945,4RC_M1,BRTTL,40,40,2026-04-06 17:37:20.033,2026-04-06 17:37:20.033,0
1324944,4RC_M1,BRTTL,40,40,2026-04-06 17:37:10.033,2026-04-06 17:37:10.033,0
1324943,4RC_M1,BRTTL,40,40,2026-04-06 17:37:00.037,2026-04-06 17:37:00.037,0
1324942,4RC_M1,BRTTL,40,40,2026-04-06 17:36:50.027,2026-04-06 17:36:50.027,0
1324941,4RC_M1,BRTTL,40,40,2026-04-06 17:36:40.017,2026-04-06 17:36:40.017,0
1324940,4RC_M1,BRTTL,40,40,2026-04-06 17:36:30.007,2026-04-06 17:36:30.007,0
1324939,4RC_M1,BRTTL,40,40,2026-04-06 17:36:20.047,2026-04-06 17:36:20.047,0
1324938,4RC_M1,BRTTL,40,40,2026-04-06 17:36:10.030,2026-04-06 17:36:10.030,0
1324937,4RC_M1,BRTTL,40,40,2026-04-06 17:36:00.013,2026-04-06 17:36:00.013,0
1324936,4RC_M1,BRTTL,40,40,2026-04-06 17:35:50.050,2026-04-06 17:35:50.050,0
1324935,4RC_M1,BRTTL,40,40,2026-04-06 17:35:40.037,2026-04-06 17:35:40.037,0
1324934,4RC_M1,BRTTL,40,40,2026-04-06 17:35:30.027,2026-04-06 17:35:30.027,0
1324933,4RC_M1,BRTTL,40,40,2026-04-06 17:35:20.027,2026-04-06 17:35:20.027,0
1324932,4RC_M1,BRTTL,40,40,2026-04-06 17:35:10.023,2026-04-06 17:35:10.023,0
1324931,4RC_M1,BRTTL,40,40,2026-04-06 17:35:00.010,2026-04-06 17:35:00.010,0
1324930,4RC_M1,BRTTL,40,40,2026-04-06 17:34:50.040,2026-04-06 17:34:50.040,0
1324929,4RC_M1,BRTTL,40,40,2026-04-06 17:34:40.027,2026-04-06 17:34:40.027,0
1324928,4RC_M1,BRTTL,40,40,2026-04-06 17:34:30.020,2026-04-06 17:34:30.020,0
1324927,4RC_M1,BRTTL,40,40,2026-04-06 17:34:20.010,2026-04-06 17:34:20.010,0
1324926,4RC_M1,BRTTL,40,40,2026-04-06 17:34:10.007,2026-04-06 17:34:10.007,0
1324925,4RC_M1,BRTTL,40,40,2026-04-06 17:34:00.007,2026-04-06 17:34:00.007,0
1324924,4RC_M1,BRTTL,40,40,2026-04-06 17:33:50.010,2026-04-06 17:33:50.010,0
1324923,4RC_M1,BRTTL,40,40,2026-04-06 17:33:40.000,2026-04-06 17:33:40.000,0
1324922,4RC_M1,BRTTL,38.9,40,2026-04-06 17:33:30.033,2026-04-06 17:33:30.033,0
1324921,4RC_M1,BRTTL,26.8,40,2026-04-06 17:33:20.033,2026-04-06 17:33:20.033,0
1324920,4RC_M1,BRTTL,15,15,2026-04-06 17:33:10.020,2026-04-06 17:33:10.020,0
1324919,4RC_M1,BRTTL,15,15,2026-04-06 17:33:00.003,2026-04-06 17:33:00.003,0
1324918,4RC_M1,BRTTL,19.6,30,2026-04-06 17:32:50.043,2026-04-06 17:32:50.043,0
1324917,4RC_M1,BRTTL,15,15,2026-04-06 17:32:40.023,2026-04-06 17:32:40.023,0
1324916,4RC_M1,BRTTL,15,15,2026-04-06 17:32:30.013,2026-04-06 17:32:30.013,0
1324915,4RC_M1,BRTTL,15,15,2026-04-06 17:32:20.003,2026-04-06 17:32:20.003,0
1324914,4RC_M1,BRTTL,15,15,2026-04-06 17:32:10.033,2026-04-06 17:32:10.033,0
1324913,4RC_M1,BRTTL,16.9,15,2026-04-06 17:32:00.013,2026-04-06 17:32:00.013,0
1324912,4RC_M1,BRTTL,23,40,2026-04-06 17:31:50.047,2026-04-06 17:31:50.047,0
1324911,4RC_M1,BRTTL,35.1,40,2026-04-06 17:31:40.043,2026-04-06 17:31:40.043,0
1324910,4RC_M1,BRTTL,40,40,2026-04-06 17:31:30.037,2026-04-06 17:31:30.037,0
1324909,4RC_M1,BRTTL,40,40,2026-04-06 17:31:20.023,2026-04-06 17:31:20.023,0
1324908,4RC_M1,BRTTL,40,40,2026-04-06 17:31:10.013,2026-04-06 17:31:10.013,0
1324907,4RC_M1,BRTTL,40,40,2026-04-06 17:31:00.003,2026-04-06 17:31:00.003,0
1324906,4RC_M1,BRTTL,35,35,2026-04-06 17:30:50.043,2026-04-06 17:30:50.043,0
1324905,4RC_M1,BRTTL,35,35,2026-04-06 17:30:40.037,2026-04-06 17:30:40.037,0
1324904,4RC_M1,BRTTL,35,35,2026-04-06 17:30:30.027,2026-04-06 17:30:30.027,0
1324903,4RC_M1,BRTTL,35,35,2026-04-06 17:30:20.020,2026-04-06 17:30:20.020,0
1324902,4RC_M1,BRTTL,30.1,35,2026-04-06 17:30:10.003,2026-04-06 17:30:10.003,0
1324901,4RC_M1,BRTTL,28,28,2026-04-06 17:30:00.037,2026-04-06 17:30:00.037,0
1324900,4RC_M1,BRTTL,20.1,28,2026-04-06 17:29:50.020,2026-04-06 17:29:50.020,0
1324899,4RC_M1,BRTTL,16.2,28,2026-04-06 17:29:40.017,2026-04-06 17:29:40.017,0
1324898,4RC_M1,BRTTL,25,25,2026-04-06 17:29:30.003,2026-04-06 17:29:30.003,0
1324897,4RC_M1,BRTTL,25,25,2026-04-06 17:29:20.043,2026-04-06 17:29:20.043,0
1324896,4RC_M1,BRTTL,16.8,18,2026-04-06 17:29:10.033,2026-04-06 17:29:10.033,0
1324895,4RC_M1,BRTTL,12,12,2026-04-06 17:29:00.020,2026-04-06 17:29:00.020,0
1324894,4RC_M1,BRTTL,12,12,2026-04-06 17:28:50.007,2026-04-06 17:28:50.007,0
1324893,4RC_M1,BRTTL,12,12,2026-04-06 17:28:40.043,2026-04-06 17:28:40.043,0
1324892,4RC_M1,BRTTL,12,12,2026-04-06 17:28:30.037,2026-04-06 17:28:30.037,0
1324891,4RC_M1,BRTTL,12,12,2026-04-06 17:28:20.040,2026-04-06 17:28:20.040,0
1324890,4RC_M1,BRTTL,6,6,2026-04-06 17:28:10.030,2026-04-06 17:28:10.030,0
1324889,4RC_M1,BRTTL,6,6,2026-04-06 17:28:00.023,2026-04-06 17:28:00.023,0
1324888,4RC_M1,BRTTL,6,6,2026-04-06 17:27:50.020,2026-04-06 17:27:50.020,0
1324887,4RC_M1,BRTTL,6,6,2026-04-06 17:27:40.050,2026-04-06 17:27:40.050,0
1324886,4RC_M1,BRTTL,0,6,2026-04-06 17:27:30.037,2026-04-06 17:27:30.037,0
1324885,4RC_M1,BRTTL,0,6,2026-04-06 17:27:20.027,2026-04-06 17:27:20.027,0
1324884,4RC_M1,BRTTL,0,6,2026-04-06 17:27:10.020,2026-04-06 17:27:10.020,0
1324883,4RC_M1,BRTTL,0,6,2026-04-06 17:27:00.013,2026-04-06 17:27:00.013,0
1324882,4RC_M1,BRTTL,0,6,2026-04-06 17:26:50.007,2026-04-06 17:26:50.007,0
1324881,4RC_M1,BRTTL,0,6,2026-04-06 17:26:40.037,2026-04-06 17:26:40.037,0
1324880,4RC_M1,BRTTL,0,6,2026-04-06 17:26:30.023,2026-04-06 17:26:30.023,0
1324879,4RC_M1,BRTTL,0,6,2026-04-06 17:26:20.010,2026-04-06 17:26:20.010,0
1324878,4RC_M1,BRTTL,0,6,2026-04-06 17:26:10.037,2026-04-06 17:26:10.037,0
1324877,4RC_M1,BRTTL,0,6,2026-04-06 17:26:00.033,2026-04-06 17:26:00.033,0
1324876,4RC_M1,BRTTL,0,6,2026-04-06 17:25:50.013,2026-04-06 17:25:50.013,0
1324875,4RC_M1,BRTTL,0,6,2026-04-06 17:25:40.050,2026-04-06 17:25:40.050,0
1324874,4RC_M1,BRTTL,0,6,2026-04-06 17:25:30.043,2026-04-06 17:25:30.043,0
1324873,4RC_M1,BRTTL,0,6,2026-04-06 17:25:20.030,2026-04-06 17:25:20.030,0
1324872,4RC_M1,BRTTL,0,6,2026-04-06 17:25:10.023,2026-04-06 17:25:10.023,0
1324871,4RC_M1,BRTTL,0,6,2026-04-06 17:25:00.017,2026-04-06 17:25:00.017,0
1324870,4RC_M1,BRTTL,0,6,2026-04-06 17:24:50.000,2026-04-06 17:24:50.000,0
1324869,4RC_M1,BRTTL,0,6,2026-04-06 17:24:40.050,2026-04-06 17:24:40.050,0
1324868,4RC_M1,BRTTL,0,6,2026-04-06 17:24:30.037,2026-04-06 17:24:30.037,0
1324867,4RC_M1,BRTTL,0,6,2026-04-06 17:24:20.027,2026-04-06 17:24:20.027,0
1324866,4RC_M1,BRTTL,0,6,2026-04-06 17:24:10.050,2026-04-06 17:24:10.050,0
1324865,4RC_M1,BRTTL,0,6,2026-04-06 17:24:00.003,2026-04-06 17:24:00.003,0
1324864,4RC_M1,BRTTL,0,6,2026-04-06 17:23:50.047,2026-04-06 17:23:50.047,0
1324863,4RC_M1,BRTTL,0,6,2026-04-06 17:23:40.033,2026-04-06 17:23:40.033,0
1324862,4RC_M1,BRTTL,0,6,2026-04-06 17:23:30.027,2026-04-06 17:23:30.027,0
1324861,4RC_M1,BRTTL,0,6,2026-04-06 17:23:20.020,2026-04-06 17:23:20.020,0
1324860,4RC_M1,BRTTL,0,6,2026-04-06 17:23:10.007,2026-04-06 17:23:10.007,0
1324859,4RC_M1,BRTTL,0,6,2026-04-06 17:23:00.047,2026-04-06 17:23:00.047,0
1324858,4RC_M1,BRTTL,0,6,2026-04-06 17:22:50.030,2026-04-06 17:22:50.030,0
1324857,4RC_M1,BRTTL,0,6,2026-04-06 17:22:40.027,2026-04-06 17:22:40.027,0
1324856,4RC_M1,BRTTL,0,6,2026-04-06 17:22:30.020,2026-04-06 17:22:30.020,0
1324855,4RC_M1,BRTTL,0,6,2026-04-06 17:22:20.013,2026-04-06 17:22:20.013,0
1324854,4RC_M1,BRTTL,0,6,2026-04-06 17:22:10.000,2026-04-06 17:22:10.000,0
1324853,4RC_M1,BRTTL,0,6,2026-04-06 17:22:00.043,2026-04-06 17:22:00.043,0
1324852,4RC_M1,BRTTL,0,6,2026-04-06 17:21:50.030,2026-04-06 17:21:50.030,0
1324851,4RC_M1,BRTTL,0,6,2026-04-06 17:21:40.017,2026-04-06 17:21:40.017,0
1324850,4RC_M1,BRTTL,0,6,2026-04-06 17:21:30.000,2026-04-06 17:21:30.000,0
1324849,4RC_M1,BRTTL,0,6,2026-04-06 17:21:20.040,2026-04-06 17:21:20.040,0
1324848,4RC_M1,BRTTL,0,6,2026-04-06 17:21:10.027,2026-04-06 17:21:10.027,0
1324847,4RC_M1,BRTTL,0,6,2026-04-06 17:21:00.020,2026-04-06 17:21:00.020,0
1324846,4RC_M1,BRTTL,0,6,2026-04-06 17:20:50.050,2026-04-06 17:20:50.050,0
1324845,4RC_M1,BRTTL,0,6,2026-04-06 17:20:40.007,2026-04-06 17:20:40.007,0
1324844,4RC_M1,BRTTL,0,6,2026-04-06 17:20:30.050,2026-04-06 17:20:30.050,0
1324843,4RC_M1,BRTTL,0,6,2026-04-06 17:20:20.037,2026-04-06 17:20:20.037,0
1324842,4RC_M1,BRTTL,0,6,2026-04-06 17:20:10.017,2026-04-06 17:20:10.017,0
1324841,4RC_M1,BRTTL,0,6,2026-04-06 17:20:00.007,2026-04-06 17:20:00.007,0
1324840,4RC_M1,BRTTL,0,6,2026-04-06 17:19:50.040,2026-04-06 17:19:50.040,0
1324839,4RC_M1,BRTTL,0,6,2026-04-06 17:19:40.033,2026-04-06 17:19:40.033,0
1324838,4RC_M1,MONOCHAFFER,0,15,2026-04-06 17:19:30.007,2026-04-06 17:19:30.007,0
1324837,4RC_M1,MONOCHAFFER,0,15,2026-04-06 17:19:20.040,2026-04-06 17:19:20.040,0
1324836,4RC_M1,MONOCHAFFER,0,15,2026-04-06 17:19:10.030,2026-04-06 17:19:10.030,0
1324835,4RC_M1,MONOCHAFFER,0,15,2026-04-06 17:19:00.023,2026-04-06 17:19:00.023,0
1324834,4RC_M1,MONOCHAFFER,15,15,2026-04-06 17:18:50.010,2026-04-06 17:18:50.010,0
1324833,4RC_M1,MONOCHAFFER,15,15,2026-04-06 17:18:40.003,2026-04-06 17:18:40.003,0
1324832,4RC_M1,MONOCHAFFER,23.3,15,2026-04-06 17:18:30.047,2026-04-06 17:18:30.047,0
1324831,4RC_M1,MONOCHAFFER,30,30,2026-04-06 17:18:20.037,2026-04-06 17:18:20.037,0
1324830,4RC_M1,MONOCHAFFER,30,30,2026-04-06 17:18:10.023,2026-04-06 17:18:10.023,0
1324829,4RC_M1,MONOCHAFFER,30,30,2026-04-06 17:18:00.013,2026-04-06 17:18:00.013,0
1324828,4RC_M1,MONOCHAFFER,30,30,2026-04-06 17:17:50.050,2026-04-06 17:17:50.050,0
1324827,4RC_M1,MONOCHAFFER,30,30,2026-04-06 17:17:40.047,2026-04-06 17:17:40.047,0
1324826,4RC_M1,MONOCHAFFER,30,30,2026-04-06 17:17:30.047,2026-04-06 17:17:30.047,0
1324825,4RC_M1,MONOCHAFFER,30,30,2026-04-06 17:17:20.033,2026-04-06 17:17:20.033,0
1324824,4RC_M1,MONOCHAFFER,30,30,2026-04-06 17:17:10.017,2026-04-06 17:17:10.017,0
1324823,4RC_M1,MONOCHAFFER,30,30,2026-04-06 17:17:00.010,2026-04-06 17:17:00.010,0
1324822,4RC_M1,MONOCHAFFER,30,30,2026-04-06 17:16:50.003,2026-04-06 17:16:50.003,0
1324821,4RC_M1,MONOCHAFFER,30,30,2026-04-06 17:16:40.043,2026-04-06 17:16:40.043,0
